Index,tracks,Timestamp,X,Y,Z,Speed_X,Speed_Y,Speed_Z,Speed,Year,Month,Day,Hour,Min,Sec
548582,7,1579017033.46037,NaN,NaN,NaN,NaN,NaN,NaN,NaN,2020,1,14,15,50,33.460372396
548632,7,1579017042.72147,NaN,NaN,NaN,NaN,NaN,NaN,NaN,2020,1,14,15,50,42.721473958
548639,7,1579017043.23323,NaN,NaN,NaN,NaN,NaN,NaN,NaN,2020,1,14,15,50,43.233226563
548655,7,1579017044.36317,NaN,NaN,NaN,NaN,NaN,NaN,NaN,2020,1,14,15,50,44.363166667
548763,7,1579017067.87181,NaN,NaN,NaN,NaN,NaN,NaN,NaN,2020,1,14,15,51,7.871809896
548767,7,1579017068.49352,NaN,NaN,NaN,NaN,NaN,NaN,NaN,2020,1,14,15,51,8.493523437
548771,7,1579017069.09459,NaN,NaN,NaN,NaN,NaN,NaN,NaN,2020,1,14,15,51,9.094591146
548777,7,1579017070.20012,NaN,NaN,NaN,NaN,NaN,NaN,NaN,2020,1,14,15,51,10.200122396
548782,7,1579017070.73436,NaN,NaN,NaN,NaN,NaN,NaN,NaN,2020,1,14,15,51,10.734356771
548792,7,1579017072.37355,NaN,NaN,NaN,NaN,NaN,NaN,NaN,2020,1,14,15,51,12.373546875
548795,7,1579017072.90785,NaN,NaN,NaN,NaN,NaN,NaN,NaN,2020,1,14,15,51,12.907851562
548803,7,1579017074.46401,NaN,NaN,NaN,NaN,NaN,NaN,NaN,2020,1,14,15,51,14.464007812
548826,7,1579017081.48053,NaN,NaN,NaN,NaN,NaN,NaN,NaN,2020,1,14,15,51,21.480533854
548918,7,1579017100.55887,NaN,NaN,NaN,NaN,NaN,NaN,NaN,2020,1,14,15,51,40.558872396
548929,7,1579017104.31618,NaN,NaN,NaN,NaN,NaN,NaN,NaN,2020,1,14,15,51,44.316184896
548943,7,1579017109.69312,NaN,NaN,NaN,NaN,NaN,NaN,NaN,2020,1,14,15,51,49.693119792
548954,7,1579017112.09553,NaN,NaN,NaN,NaN,NaN,NaN,NaN,2020,1,14,15,51,52.09553125
548963,7,1579017113.54617,NaN,NaN,NaN,24.7003032111256,27.7615871027694,32.7606870434652,NaN,2020,1,14,15,51,53.546166667
548966,7,1579017114.02004,NaN,NaN,NaN,12.592316477212,NaN,NaN,NaN,2020,1,14,15,51,54.020039062
548970,7,1579017114.4506,NaN,NaN,NaN,-12.7130944517404,14.2868791089785,NaN,NaN,2020,1,14,15,51,54.450604167
549036,7,1579017131.11221,-2173.79159096,-1043.17366106063,-639.80939502765,0.328524572259643,0.369193422263934,1.66155865388252,1.73349627571368,2020,1,14,15,52,11.112205729
549037,7,1579017131.59836,-2153.88534266001,-1020.80029012077,-613.407194002371,30.7149273095543,NaN,NaN,NaN,2020,1,14,15,52,11.598356771
549041,7,1579017132.09115,-2162.18093306001,-1024.21771060023,-598.027059283874,30.301067822827,NaN,NaN,NaN,2020,1,14,15,52,12.091145833
549056,7,1579017133.99682,-2165.22190435999,-1007.04942150041,-562.871999995902,-7.83559760468522,NaN,31.7891528507573,NaN,2020,1,14,15,52,13.996815104
549087,7,1579017137.97658,-2143.01611106005,-877.352503810078,-523.266450157864,-3.75200086858774,NaN,15.2219313861131,NaN,2020,1,14,15,52,17.976580729
549090,7,1579017138.37079,-2141.47415049002,-882.160422650166,-510.397916874936,-13.8853579285474,16.806929875939,-30.6279528239671,37.5945149037165,2020,1,14,15,52,18.370794271
549097,7,1579017139.45229,-2138.11932022998,-876.7716642702,-529.216648545083,NaN,8.00208366602028,NaN,8.00208366602028,2020,1,14,15,52,19.452289063
549178,7,1579017164.80361,-2168.49966454995,-878.47961070016,-502.202622099092,-0.448643962886053,0.121267988037541,NaN,0.464744370979117,2020,1,14,15,52,44.803609375
549180,7,1579017165.20017,-2177.45755403,-869.65976394061,-520.680394206196,-18.3080039892532,NaN,NaN,NaN,2020,1,14,15,52,45.200171875
549182,7,1579017165.63038,-2186.32189510996,-861.617362190038,-535.924342073338,-37.4798487833128,32.1864572764741,NaN,NaN,2020,1,14,15,52,45.630382813
549185,7,1579017166.12109,-2178.99048853002,-860.558575090021,-545.107082519978,NaN,4.04044040489359,4.90124599965041,6.3519580457199,2020,1,14,15,52,46.121088542
549193,7,1579017167.07366,-2169.25536059006,-865.220243169926,-540.770451387566,NaN,19.7464481850447,NaN,19.7464481850447,2020,1,14,15,52,47.073661458
549196,7,1579017168.22005,-2186.43825041002,-882.602110800333,-473.403532003038,NaN,12.6277450342015,13.4031657061764,18.4147982773644,2020,1,14,15,52,48.220049479
549201,7,1579017169.99442,-2183.24308294,-856.630525240675,-553.496588006491,NaN,4.72900395990535,NaN,4.72900395990535,2020,1,14,15,52,49.994416667
549205,7,1579017171.46028,-2157.10228948004,-875.670172830112,-521.93028875629,24.9952102791524,6.12357741021919,24.3462593981648,35.4259662377856,2020,1,14,15,52,51.460278646
549210,7,1579017173.99864,-2111.79586929001,-746.086375120096,-500.853613582352,40.7456308391329,NaN,22.2470541673104,NaN,2020,1,14,15,52,53.998643229
549213,7,1579017174.82848,-2092.32262809004,-737.298467060551,-485.414572725991,NaN,NaN,33.4887151603984,NaN,2020,1,14,15,52,54.828481771
549216,7,1579017175.70367,-2090.48584236996,-744.640813800506,-465.403564827651,6.16080409868921,8.26183875470889,17.0260056531026,19.9022198573606,2020,1,14,15,52,55.703666667
549224,7,1579017177.43463,-2103.19816041004,-738.416744500399,-474.457279181374,7.40426390879408,7.97553725946052,-8.60851270320904,13.8758354548267,2020,1,14,15,52,57.434632813
549227,7,1579017177.84523,-2088.41755444999,-736.521319400519,-490.557491500428,8.34343163496866,32.1875746822362,20.9225359449916,39.2861976493194,2020,1,14,15,52,57.845229167
549236,7,1579017180.22046,-2110.31842922,-748.657857590355,-437.682912853781,NaN,NaN,2.65666631039488,2.65666631039488,2020,1,14,15,53,0.220455729
549243,7,1579017181.27806,-2108.80038359005,-734.721908920445,-482.279163599663,NaN,NaN,18.648948545694,18.648948545694,2020,1,14,15,53,1.278057292
549245,7,1579017181.62026,-2096.59445683006,-734.422467470169,-492.175166912704,NaN,-10.7034256190264,17.0096768765256,20.097075096288,2020,1,14,15,53,1.620263021
549247,7,1579017181.95041,-2106.89715326997,-734.07496354077,-485.784826423799,NaN,15.3311530324067,-24.1281127810873,28.5868864985318,2020,1,14,15,53,1.95040625
549251,7,1579017182.92914,-2111.38634724997,-739.333307440393,-467.331662978528,11.8763735702865,6.79523737207766,NaN,13.6829638647436,2020,1,14,15,53,2.929138021
549252,7,1579017183.24657,-2107.54150245001,-742.4700060701,-460.909917531118,-30.8997415788799,11.9016263238904,NaN,NaN,2020,1,14,15,53,3.246570312
549264,7,1579017184.75168,-2082.50356046995,-742.553065679967,-479.04543464331,3.84534146140818,0.773698831462739,NaN,3.92240498121135,2020,1,14,15,53,4.751679688
549267,7,1579017185.13127,-2082.79536393995,-719.105785080232,-478.882775712635,18.6350412377731,34.1139511235569,NaN,NaN,2020,1,14,15,53,5.131270833
549269,7,1579017185.51375,-2096.74051290995,-719.080881110393,-469.280063671211,-18.4942304790924,20.1024024329446,12.2041056731419,29.9179434432092,2020,1,14,15,53,5.51375
549271,7,1579017185.90959,-2102.18968267005,-717.62204053998,-469.92490081262,17.8700414421714,22.4729071829414,38.0615039723935,NaN,2020,1,14,15,53,5.909585937
549273,7,1579017186.71058,-2103.68178601004,-724.843695919961,-447.469740728591,12.2454765807072,5.35895872110474,4.80893723369709,14.2054923385566,2020,1,14,15,53,6.710583333
549274,7,1579017187.14354,-2099.75196604,-727.228403090499,-443.162053017587,NaN,4.09063244094454,-34.7982958838736,35.0379033360805,2020,1,14,15,53,7.143536458
549275,7,1579017187.62186,-2104.22105885996,-729.803424770012,-431.047014757675,-20.506152933695,21.5927347429962,NaN,NaN,2020,1,14,15,53,7.621861979
549290,7,1579017190.96136,-2091.56186026998,-724.861383660696,-456.955912761961,-2.11818417461181,0.0134233107876764,NaN,2.11822670714171,2020,1,14,15,53,10.961359375
549295,7,1579017192.13832,-2084.44150099996,-723.877450670116,-465.191712346197,-3.10671320043506,2.2310979521887,NaN,3.82484836065667,2020,1,14,15,53,12.138320313
549298,7,1579017195.94254,-2107.17543676996,-716.892339990474,-470.611909081011,-1.65305146181104,0.345264207253747,8.38530611723894,8.5536626767725,2020,1,14,15,53,15.942541667
549304,7,1579017199.06153,-2120.11543816002,-707.829614670016,-440.992470179601,-0.701073206969622,7.34797934207662,-6.80913297803949,10.0423401638134,2020,1,14,15,53,19.06153125
549308,7,1579017199.64713,-2108.00263517001,-698.220942440443,-478.669548143011,-7.88968186924129,27.8567424559791,NaN,28.9524641482652,2020,1,14,15,53,19.647132812
549310,7,1579017200.24865,-2112.64480142004,-693.83260413073,-487.630437567236,-16.3666301431576,15.6147125962844,NaN,22.6204737286264,2020,1,14,15,53,20.248651042
549313,7,1579017202.19793,-2119.17675627,-711.145075430162,-431.831231168152,-10.3183830628374,5.13229568391691,-0.807977361412052,11.5525891225801,2020,1,14,15,53,22.197934896
549315,7,1579017202.74474,-2105.43585910997,-705.926984940656,-459.26841790215,-24.591994116329,16.9595658059391,NaN,29.8729484139671,2020,1,14,15,53,22.744744792
549321,7,1579017205.53358,-2129.51189749001,-700.471660540439,-456.55258876301,-3.29236112409253,1.16178623264877,0.998519416166967,3.6313124412904,2020,1,14,15,53,25.533583333
549325,7,1579017205.90492,-2124.27779436996,-702.271680530161,-455.671108082503,-34.8174471936265,8.05558786718393,NaN,35.7371952588181,2020,1,14,15,53,25.904921875
549327,7,1579017206.24126,-2127.29827822,-700.77495233994,-457.830898389795,-28.0114972971885,NaN,6.8411656848119,28.8347971859947,2020,1,14,15,53,26.241257812
549345,7,1579017208.21559,-2143.29123129998,-694.538389489986,-463.50618669194,-14.5808027512952,NaN,1.86921478567529,14.7001283255339,2020,1,14,15,53,28.21559375
549347,7,1579017208.60145,-2156.06323492003,-692.696294420399,-457.721356266613,-5.2005718276782,12.9644521981656,-9.56421254838991,16.9291798325891,2020,1,14,15,53,28.601445312
549363,7,1579017211.70385,-2159.01140715997,-699.113084400073,-437.007229155191,-14.7581594741318,NaN,1.1895457241845,14.8060220887932,2020,1,14,15,53,31.703846354
549365,7,1579017212.04855,-2165.90128886001,-697.69251438044,-434.789363984785,-0.773129296583797,23.888755995592,-6.10322704746589,24.6681935357879,2020,1,14,15,53,32.048546875
549366,7,1579017212.36189,-2170.09570448997,-691.546512650326,-449.641080726506,NaN,19.3677549222201,34.6398249844483,NaN,2020,1,14,15,53,32.361888021
549384,7,1579017215.6782,-2130.62672664004,-688.28893596027,-491.611745058212,-5.33981970070837,NaN,11.2430471216524,12.4466775894521,2020,1,14,15,53,35.678197917
549387,7,1579017216.89796,-2183.83463380998,-701.496495400555,-403.841856941789,-16.3570998863833,2.71838007916826,21.9166814996121,27.4824532184333,2020,1,14,15,53,36.897963542
549396,7,1579017219.76029,-2143.43928549998,-689.099724090658,-480.313411696102,-11.2775331155109,0.723049828338317,NaN,11.3006882191177,2020,1,14,15,53,39.760286458
549399,7,1579017221.07026,-2191.25728588004,-694.321016630158,-420.837399313466,-29.0776448452732,7.17445862378241,-8.2655821340537,31.06931177717,2020,1,14,15,53,41.070255208
549400,7,1579017221.46276,-2199.89242143999,-698.687602980062,-395.744472615913,NaN,14.9392081066795,NaN,NaN,2020,1,14,15,53,41.462763021
549409,7,1579017226.16918,-2220.19797781005,-684.189071200788,-421.969823771708,-8.01126456340827,1.87811017833237,-4.75462572313654,9.50337432252294,2020,1,14,15,53,46.169184896
549412,7,1579017226.50804,-2217.32665477006,-678.57659383025,-443.022599038028,NaN,NaN,19.8018637549787,NaN,2020,1,14,15,53,46.508044271
549414,7,1579017226.8643,-2212.20416106004,-673.977845210582,-462.072894800536,-25.8813425375843,NaN,NaN,NaN,2020,1,14,15,53,46.864296875
549419,7,1579017227.60301,-2212.24176700006,-668.255573200062,-478.072818487279,-19.3867429449547,19.790176954509,NaN,27.7037345118764,2020,1,14,15,53,47.603010417
549422,7,1579017227.948,-2220.88499716995,-666.650113560259,-474.047754553058,-18.5658020254472,18.8321927265704,NaN,26.4450465633697,2020,1,14,15,53,47.948002604
549424,7,1579017228.2894,-2226.05953914998,-670.368446070701,-458.345083553902,-14.4774928564807,11.5952995613313,NaN,18.5485517312393,2020,1,14,15,53,48.289398437
549430,7,1579017229.47488,-2223.19136052998,-670.454815960489,-461.468508867291,-3.50191860719605,4.18805687986034,NaN,5.45923569379189,2020,1,14,15,53,49.474877604
549434,7,1579017229.9673,-2222.94387680001,-664.785866919905,-477.531720236724,-11.3890433105489,5.86862352758815,-6.5489794388017,14.3888908998563,2020,1,14,15,53,49.967296875
549444,7,1579017231.41238,-2250.03006996005,-667.610192090273,-440.214656402653,-1.9464861229676,2.37486393905278,NaN,3.07063298945327,2020,1,14,15,53,51.412380208
549447,7,1579017232.26466,-2261.45877592999,-665.703598489985,-432.135336851685,-24.6281261529451,3.93725576153308,NaN,24.9408616678956,2020,1,14,15,53,52.264661458
549450,7,1579017232.69689,-2251.11278691003,-662.275526880287,-455.015700488228,-13.655355886272,13.7735386493792,NaN,19.3953373599607,2020,1,14,15,53,52.696890625
549452,7,1579017233.13469,-2246.35453303996,-662.396187470295,-460.136665876651,NaN,10.3211804200224,NaN,NaN,2020,1,14,15,53,53.134692708
549459,7,1579017234.13209,-2224.75404289004,-661.857177739963,-484.286402688634,-24.5706744322843,0.972746611630204,-39.034866607635,NaN,2020,1,14,15,53,54.132088542
549462,7,1579017234.71983,-2236.41518562997,-657.753543890081,-483.774072219783,-14.57252828719,13.8489300567733,-19.1176959732892,27.742345678141,2020,1,14,15,53,54.719825521
549474,7,1579017238.2651,-2229.33857119002,-653.760714299977,-502.258050033489,-3.51330761802102,4.11072621583784,-0.342547006754853,5.41837050156759,2020,1,14,15,53,58.265096354
549486,7,1579017241.82883,-2262.37462503999,-648.768439000472,-483.098163159757,NaN,4.53827556933826,NaN,4.53827556933826,2020,1,14,15,54,1.828828124
549495,7,1579017243.72475,-2256.94986106001,-645.624522849917,-497.109521845848,-10.6920694044274,7.57669218103625,-0.487578335746054,13.1135176512161,2020,1,14,15,54,3.72475
549505,7,1579017246.25978,-2262.94447930006,-645.780268450268,-492.329761237748,-4.25648347678837,2.23234017770181,-2.09799996812917,5.24429195634874,2020,1,14,15,54,6.259783854
549551,7,1579017260.65769,-2291.54510155995,-638.422730499879,-483.772841834776,-3.51754689275693,0.841455378497544,-1.0055657570887,3.75397732925703,2020,1,14,15,54,20.657690104
549557,7,1579017263.16739,-2292.46150680003,-639.049602390267,-481.621722492133,-20.5128576480348,5.16524920138571,-7.44523897536132,22.4251803025348,2020,1,14,15,54,23.167393229
549558,7,1579017263.62104,-2290.51091615006,-637.938659320585,-486.728790344534,-7.73958599726354,4.40801837433422,NaN,8.90684104480966,2020,1,14,15,54,23.621041667
549562,7,1579017264.47641,-2304.04557703005,-619.586083450355,-517.346132233463,-26.305412794242,29.802193264126,-33.0009031405226,NaN,2020,1,14,15,54,24.476411458
549576,7,1579017270.60616,-2304.11380441999,-624.260565900244,-508.011970197022,-3.42169512137429,5.02772858037221,-3.50452162996844,7.01909709552766,2020,1,14,15,54,30.606161458
549580,7,1579017270.95302,-2310.98080076999,-620.817148580216,-509.043878239231,-35.9897266923953,20.1862146326358,-24.9277187655749,NaN,2020,1,14,15,54,30.953015625
549581,7,1579017271.31766,-2311.48859146005,-620.370680429973,-512.815543962479,-36.4047190756993,6.07699991512143,-40.9830443527877,NaN,2020,1,14,15,54,31.31765625
549681,7,1579017319.81451,-2350.13377320999,-599.027130170725,-538.326135637655,NaN,0.722604803840746,NaN,0.722604803840746,2020,1,14,15,55,19.814507813
549683,7,1579017320.21666,-2338.94424621004,-600.901759990491,-545.514819896604,NaN,NaN,NaN,NaN,2020,1,14,15,55,20.216661458
549691,7,1579017321.42376,-2341.56105914002,-592.213946130127,-562.092065596755,NaN,12.9550708770239,12.3801327541133,17.9193065836316,2020,1,14,15,55,21.423757812
549693,7,1579017321.8381,-2358.07782689005,-591.239086210728,-548.12232958632,NaN,33.8332733443873,NaN,33.8332733443873,2020,1,14,15,55,21.838104167
549716,7,1579017328.12647,-2294.31217854004,-509.365777459927,-458.105171441011,4.77127131227519,16.2264637003405,11.7345564953175,20.5855038873379,2020,1,14,15,55,28.12646875
549748,7,1579017345.04644,-2241.95157318003,-527.417067159899,-468.048747915532,5.39200176537038,5.99201604599317,5.23655488395636,9.61246307591785,2020,1,14,15,55,45.046442708
549751,7,1579017345.39153,-2250.30302564998,-526.239755820483,-463.59201591938,NaN,NaN,NaN,NaN,2020,1,14,15,55,45.391526042
549768,7,1579017349.45832,-2257.29135363002,-535.52616296988,-433.686349914124,1.55467119939951,0.559865652861903,4.57786622271523,4.86696119160342,2020,1,14,15,55,49.458320313
549769,7,1579017349.80462,-2257.51695305004,-534.914235920645,-435.167885348135,37.4965770385713,38.9688099725217,NaN,NaN,2020,1,14,15,55,49.804619792
549774,7,1579017350.58762,-2260.80386533996,-527.004912820645,-452.936575459806,NaN,NaN,11.8818299576248,11.8818299576248,2020,1,14,15,55,50.587617187
549866,7,1579017370.71335,-2248.70711532002,-538.988158940338,-435.896044796709,NaN,-0.494593229936871,1.55201962871353,1.62892215621603,2020,1,14,15,56,10.713348958
549869,7,1579017371.16769,-2243.18876945006,-534.261242990382,-453.249115941533,-28.5800718864006,NaN,NaN,NaN,2020,1,14,15,56,11.1676875
549872,7,1579017371.61269,-2244.91533370002,-525.258544799872,-474.123275233459,-14.2079146660082,NaN,8.93809300075315,16.7855397782342,2020,1,14,15,56,11.6126875
549920,7,1579017383.69972,-2288.53530623997,-537.035305419937,-403.392136315351,-3.74995580914262,0.575968642070748,0.20016211384749,3.79920693289945,2020,1,14,15,56,23.699716146
549926,7,1579017385.18347,-2285.76408141002,-532.947094839998,-419.207281727533,-29.7781198720839,5.41247039326557,4.25304761528644,30.5633714254836,2020,1,14,15,56,25.183473958
549928,7,1579017385.48848,-2282.69796867005,-530.393603980541,-429.745471579497,-18.0944935519457,-26.3294691929909,NaN,31.9476391128681,2020,1,14,15,56,25.488481771
549930,7,1579017386.10636,-2285.35013671999,-528.48556511011,-432.34225799095,-7.49761931927967,NaN,NaN,7.49761931927967,2020,1,14,15,56,26.106356771
549931,7,1579017386.41618,-2287.92381895997,-527.785936590284,-431.662074322944,-16.1003347499124,NaN,NaN,16.1003347499124,2020,1,14,15,56,26.416177083
549933,7,1579017387.08054,-2291.79048005003,-528.399563500658,-425.990119167751,-10.4762319768649,-17.9948548320045,NaN,20.8222534049032,2020,1,14,15,56,27.080539062
549937,7,1579017387.38944,-2330.49409838999,-644.464743810706,-464.187755801169,NaN,NaN,NaN,NaN,2020,1,14,15,56,27.389440104
549939,7,1579017387.68517,-2404.94446082995,-874.446551230736,-548.766495759299,NaN,NaN,NaN,NaN,2020,1,14,15,56,27.685171875
549977,7,1579017394.89939,-2361.90318258002,-749.299734510481,-521.138151106914,-7.23080687173757,-24.4082326536864,-14.2095349022534,29.1540266761078,2020,1,14,15,56,34.899388021
549979,7,1579017395.15927,-2359.47444944002,-753.166765410453,-513.077434098281,-8.54364574783278,NaN,NaN,NaN,2020,1,14,15,56,35.159268229
549983,7,1579017395.82439,-2358.95444780996,-742.290500100702,-542.261059226594,-6.57282956261223,-29.434208716213,NaN,30.1591566727045,2020,1,14,15,56,35.824393229
549986,7,1579017396.21882,-2379.41984094004,-733.878892170265,-544.643131761562,NaN,NaN,NaN,NaN,2020,1,14,15,56,36.218815104
549993,7,1579017398.32319,-2379.71908593003,-772.012769030407,-523.883863834737,NaN,-10.0191088412811,-17.6846882488593,20.3256178364344,2020,1,14,15,56,38.323192708
550051,7,1579017424.16557,-2360.18796071003,-774.237461000681,-541.813220699313,1.33955867653314,1.3126812025218,0.326873597186844,1.9037845823168,2020,1,14,15,57,4.165572917
550062,7,1579017425.91225,-2400.77167531999,-776.578658460639,-497.52008246187,2.50287379412596,NaN,NaN,2.50287379412596,2020,1,14,15,57,5.91225
550064,7,1579017426.32179,-2404.2242535,-778.36171661038,-488.759558282976,2.28549854927441,NaN,NaN,NaN,2020,1,14,15,57,6.321791667
550074,7,1579017428.76652,-2348.08609647001,-764.880049220286,-575.721587738515,-15.06821079629,-21.8838412108757,29.1567804362376,39.4470699564774,2020,1,14,15,57,8.766515625
550079,7,1579017429.24093,-2302.88415574003,-669.080842940137,-537.120336407212,-1.13539115361495,-35.5037608368017,NaN,35.5219107964158,2020,1,14,15,57,9.240929687
550086,7,1579017430.07916,-2348.14301696001,-679.422238520347,-472.628458818301,NaN,15.3166759385997,NaN,NaN,2020,1,14,15,57,10.079158854
550087,7,1579017430.47635,-2358.54811668,-685.053987000138,-445.075292580933,NaN,NaN,NaN,NaN,2020,1,14,15,57,10.476351562
550092,7,1579017431.24015,-2430.86081442004,-881.992520689964,-493.982979593045,24.6551959951164,NaN,-19.3626772702178,NaN,2020,1,14,15,57,11.240145833
550096,7,1579017432.05332,-2403.80607175,-879.768896610476,-529.819168932541,NaN,3.47692051353393,NaN,3.47692051353393,2020,1,14,15,57,12.053320312
550100,7,1579017432.51561,-2328.79959139996,-680.154836410657,-493.682765564574,-6.57772444632661,NaN,NaN,NaN,2020,1,14,15,57,12.515606771
550103,7,1579017433.02244,-2317.16793252004,-679.228647029959,-505.736310836638,-12.4624374567625,-15.8761386237157,NaN,NaN,2020,1,14,15,57,13.022440104
550105,7,1579017433.50476,-2313.65650688997,-675.597597200423,-517.80589658283,NaN,-5.86193168400112,28.7645945476971,29.3558195688913,2020,1,14,15,57,13.504755208
550111,7,1579017434.7299,-2349.77543899999,-683.48324961029,-464.920824783057,15.2241720139283,-2.93934568978133,-3.3988358021964,15.873476349055,2020,1,14,15,57,14.729895833
550114,7,1579017435.10879,-2362.38276701001,-684.625115840696,-448.620047173198,NaN,16.9664974556443,NaN,NaN,2020,1,14,15,57,15.108791667
550123,7,1579017436.21912,-2351.65209301002,-687.054603420198,-452.882305979771,34.0047752608744,3.47933907401678,7.07298222286407,34.9064122828386,2020,1,14,15,57,16.219122395
550124,7,1579017436.57025,-2341.29001528001,-687.217592890374,-462.871215957203,2.14698333137652,NaN,NaN,NaN,2020,1,14,15,57,16.570252604
550127,7,1579017437.36167,-2328.38077458006,-689.898389860056,-467.234185453291,NaN,NaN,32.0198367600635,32.0198367600635,2020,1,14,15,57,17.361669271
550143,7,1579017439.58767,-2370.21980667999,-682.47888533026,-448.792805589739,NaN,NaN,3.44657035426788,3.44657035426788,2020,1,14,15,57,19.587669271
550146,7,1579017439.95098,-2320.19001928996,-539.874864170328,-407.311270768605,NaN,NaN,NaN,NaN,2020,1,14,15,57,19.950981771
550150,7,1579017440.69274,-2307.02448445,-539.204203700647,-422.832901370099,34.1460552459389,NaN,NaN,NaN,2020,1,14,15,57,20.692739583
550152,7,1579017441.07099,-2303.62845785997,-542.77216805052,-415.691692447157,NaN,19.1358473603126,NaN,NaN,2020,1,14,15,57,21.070994792
550157,7,1579017441.83569,-2299.12828259997,-543.896051170304,-416.681860413895,NaN,8.39850446973384,14.393825142161,16.6648456203844,2020,1,14,15,57,21.835690104
550185,7,1579017446.83162,-2306.95182305004,-529.377327850088,-451.000621615424,0.922043064259066,0.286818492765411,1.32694156465828,1.64109785697204,2020,1,14,15,57,26.831617187
550188,7,1579017447.13743,-2314.30956432002,-535.155457329936,-428.7001126401,NaN,1.16254505834067,34.7467307267089,34.7661733184297,2020,1,14,15,57,27.137429687
550190,7,1579017447.46584,-2328.67451371998,-532.308929240331,-422.585136438014,NaN,11.355100973457,NaN,11.355100973457,2020,1,14,15,57,27.465838542
550201,7,1579017449.74292,-2323.39500838995,-537.007055560127,-415.78771444317,-7.18191746186896,NaN,2.65780290190846,7.65792757177105,2020,1,14,15,57,29.742916667
550231,7,1579017456.69501,-2317.63087342004,-539.078794670291,-419.149952973812,-2.85936351062153,NaN,NaN,2.85936351062153,2020,1,14,15,57,36.695007812
550248,7,1579017460.84952,-2351.58723428997,-539.006693770178,-384.174481079045,-3.48225646642347,0.288035383316607,2.30357104864443,4.18515400626347,2020,1,14,15,57,40.849518229
550252,7,1579017461.59403,-2353.37701228005,-535.8054895401,-394.316170581461,NaN,-4.38221001226072,NaN,4.38221001226072,2020,1,14,15,57,41.59403125
550254,7,1579017464.42418,-2344.27188009,-542.811716460623,-382.369477651913,NaN,-0.422820639393626,6.90787902555122,6.92080702842867,2020,1,14,15,57,44.424177083
550257,7,1579017464.83208,-2341.20100562996,-542.932637800463,-385.924571262557,23.2976536790803,-1.14374030227778,NaN,NaN,2020,1,14,15,57,44.832080729
550259,7,1579017465.20896,-2331.43226916005,-538.341890499927,-411.365077632694,17.5010619873539,-18.172993454452,18.0389095883779,31.0152723818191,2020,1,14,15,57,45.208955729
550266,7,1579017467.08733,-2306.44059665001,-538.819610500708,-433.722246516637,NaN,-1.78712299417367,NaN,1.78712299417367,2020,1,14,15,57,47.087328124
550268,7,1579017467.82118,-2316.53491478006,-545.486389520578,-404.926417385224,36.5404889287292,-1.64849194654979,-26.0249971890809,44.8912612380192,2020,1,14,15,57,47.821177083
550270,7,1579017468.20967,-2319.73067327996,-549.413024700247,-389.380489123216,29.2123650983737,-6.10129925565463,NaN,NaN,2020,1,14,15,57,48.209674479
550274,7,1579017468.64687,-2313.42583405995,-547.879887199961,-401.149468889276,27.9363013426452,-11.011924448391,NaN,30.0283101882899,2020,1,14,15,57,48.646875
550281,7,1579017469.86995,-2287.52508905006,-540.943727060221,-445.004134283379,1.4851951604832,-7.28083834828679,NaN,7.43077463785615,2020,1,14,15,57,49.869945313
550283,7,1579017470.24398,-2292.27853432996,-541.615808070637,-439.465703147247,0.322291929293816,-18.8967347251405,NaN,NaN,2020,1,14,15,57,50.243981771
550291,7,1579017471.00539,-2288.15020280995,-551.935677430592,-413.49683307227,NaN,-6.96410673589594,11.8212536008303,13.7200881675044,2020,1,14,15,57,51.005393229
550306,7,1579017472.91512,-2309.74950021005,-550.967405380681,-397.214858738577,NaN,NaN,NaN,NaN,2020,1,14,15,57,52.915117187
550310,7,1579017473.37364,-2312.41666032001,-553.110400100239,-387.67568700983,NaN,6.01859559696308,NaN,6.01859559696308,2020,1,14,15,57,53.373643229
550315,7,1579017474.18169,-2312.34968987003,-550.825743030757,-395.64412167202,NaN,1.9340637424095,-27.5048051558785,27.572720381249,2020,1,14,15,57,54.181692708
550318,7,1579017474.56334,-2299.83370388998,-553.332952250727,-399.92596145197,-12.5792966399169,NaN,NaN,12.5792966399169,2020,1,14,15,57,54.563335937
550324,7,1579017475.37224,-2317.07577220001,-531.854937939905,-447.418502891486,-10.5166855659754,NaN,27.4945116360773,29.4372017250279,2020,1,14,15,57,55.372239583
550341,7,1579017483.00952,-2326.18099953001,-547.011653840542,-398.274957106923,-3.24406210314211,2.14849504794248,0.629093864338287,3.94153891141826,2020,1,14,15,58,3.009523438
550355,7,1579017486.21507,-2339.30068906001,-538.09355769027,-414.114660972974,-5.53042198274244,3.46964913073583,NaN,6.52870832535937,2020,1,14,15,58,6.215065104
550363,7,1579017487.21628,-2326.92468549998,-533.714219310321,-438.138275576209,-23.5869016094967,3.32431149808888,-4.79875960452589,24.298581609107,2020,1,14,15,58,7.216283853
550379,7,1579017489.761,-2342.87847958005,-541.709821790457,-401.141103237095,-11.2848683091644,NaN,NaN,11.2848683091644,2020,1,14,15,58,9.761002604
550380,7,1579017490.0816,-2348.02773107006,-540.832690720446,-398.471899914725,NaN,2.696013336139,8.16378820716336,NaN,2020,1,14,15,58,10.081598958
550384,7,1579017490.41424,-2352.11808736005,-539.860747440718,-397.245751641701,NaN,NaN,NaN,NaN,2020,1,14,15,58,10.414242188
550385,7,1579017490.77649,-2353.68755147001,-537.312146170065,-403.559288916067,NaN,NaN,-25.2789453037261,25.2789453037261,2020,1,14,15,58,10.776492187
550417,7,1579017498.95935,-2357.44805023004,-543.073003420606,-381.506495528467,NaN,-0.213800294081387,NaN,0.213800294081387,2020,1,14,15,58,18.959346354
550419,7,1579017499.3605,-2354.15359528002,-540.352500740439,-394.215407168429,NaN,NaN,NaN,NaN,2020,1,14,15,58,19.360497396
550422,7,1579017499.75635,-2352.94099210005,-536.887643090449,-407.632185638043,NaN,4.41959872354691,-29.5161045834831,29.8451550952628,2020,1,14,15,58,19.756348958
550427,7,1579017502.85771,-2330.97479981999,-543.131879909895,-409.892054716378,7.94768929381914,0.636015431694293,-3.67547753668412,8.77948835998489,2020,1,14,15,58,22.857705729
550430,7,1579017503.21878,-2332.99731842999,-542.279274020344,-410.571947606777,NaN,-2.4514790949908,-14.6552448446991,NaN,2020,1,14,15,58,23.218783853
550433,7,1579017503.59839,-2334.33403972001,-539.256660340354,-418.387005786271,10.1058181476797,-6.33044680954418,-16.2310290088149,20.1407154770488,2020,1,14,15,58,23.598393229
550440,7,1579017504.36789,-2329.23852065997,-537.929793810472,-427.38038538714,4.73103904451592,NaN,-7.20835625375215,8.62224624571473,2020,1,14,15,58,24.367893229
550443,7,1579017504.77743,-2328.99323733,-536.893502090126,-430.827126044905,13.028426429525,-8.46850224656075,-22.2919521196654,27.173269123074,2020,1,14,15,58,24.777427083
550460,7,1579017507.07889,-2332.20277847,-542.446864260361,-413.315089117826,1.5498042282121,-1.45093363004993,-6.51145570051919,6.84880696796295,2020,1,14,15,58,27.078893229
550468,7,1579017508.21781,-2325.63058745,-540.59171662014,-424.99283501994,5.70213952294579,NaN,-8.44560012542724,10.1903168065452,2020,1,14,15,58,28.2178125
550474,7,1579017510.56788,-2320.09546235995,-546.333489930257,-413.653519019219,6.81511399582542,-0.939043058130526,NaN,6.87950438920702,2020,1,14,15,58,30.567880208
550476,7,1579017510.96942,-2312.02893585002,-545.879013149999,-421.97899402858,27.8068549853762,-6.85032143868982,NaN,28.6382277383067,2020,1,14,15,58,30.969421875
550480,7,1579017511.36091,-2315.95006061997,-543.975018899888,-424.685939335306,19.0598060321079,-10.9139791665017,NaN,NaN,2020,1,14,15,58,31.360914062
550483,7,1579017511.7697,-2319.42749539996,-543.505283419974,-423.730817709505,18.9392147004499,-10.3849083791513,NaN,21.5995410949655,2020,1,14,15,58,31.769695313
550487,7,1579017512.95369,-2315.00325158995,-549.333908330649,-410.348392918832,1.43941777516658,-2.71746880961842,NaN,3.07515207147785,2020,1,14,15,58,32.953692708
550489,7,1579017513.30902,-2311.38146745006,-553.245723870583,-401.301189102175,NaN,-15.1992605938608,NaN,NaN,2020,1,14,15,58,33.309018229
550493,7,1579017514.03163,-2315.12629335001,-554.745870180428,-393.002888415305,NaN,-13.8977089178442,20.784680954275,25.0029853324784,2020,1,14,15,58,34.031627604
550502,7,1579017516.42822,-2299.72982907004,-547.666488650255,-427.449173688076,NaN,-3.35584265048935,NaN,3.35584265048935,2020,1,14,15,58,36.428216146
550505,7,1579017516.94074,-2305.72299919999,-553.802007730119,-404.500420039811,13.1520440871655,-5.26860017832641,NaN,14.1680771987524,2020,1,14,15,58,36.940739583
550508,7,1579017517.41628,-2317.84938853001,-587.836600090377,-397.050760775318,27.3455425567184,NaN,NaN,NaN,2020,1,14,15,58,37.416283854
550509,7,1579017517.9102,-2326.06718284998,-602.632052389905,-405.309508887126,20.6212363121264,NaN,-22.3186184074624,NaN,2020,1,14,15,58,37.910203125
550515,7,1579017520.34933,-2297.61651016003,-599.247551380657,-438.481684244217,2.57002119621341,-8.42091801546273,-7.67032185552818,11.6769305273057,2020,1,14,15,58,40.349328125
550516,7,1579017520.71141,-2302.68123181001,-599.803872100078,-433.144061512442,4.4216372684263,-4.29883676226802,-8.45708207622879,10.4667621968894,2020,1,14,15,58,40.711411458
550518,7,1579017521.07784,-2307.77886425995,-598.939136970788,-431.939383014534,-2.13068375943007,-16.6255521715623,8.35668676425672,18.729202117761,2020,1,14,15,58,41.07784375
550524,7,1579017522.87216,-2304.29630017001,-604.683148200624,-416.47262289867,NaN,-2.46742730457628,-1.70657481680781,3.00009918314898,2020,1,14,15,58,42.872161458
550528,7,1579017523.91528,-2304.14908382006,-605.093996810727,-415.703348242109,0.927094933342115,NaN,-14.0723181891389,14.1028239807422,2020,1,14,15,58,43.91528125
550539,7,1579017533.2156,-2304.83356206003,-605.202648860402,-417.404537742207,0.112440860541755,-0.396972630511877,NaN,0.412589646616211,2020,1,14,15,58,53.215598958
550542,7,1579017533.67773,-2304.73004825006,-606.992172510363,-411.652033486337,NaN,-11.0247546679922,3.33634010391295,11.5185233766483,2020,1,14,15,58,53.677729167
550549,7,1579017534.50426,-2307.70341944997,-602.263513119891,-424.627688788207,-1.26521239359254,NaN,4.66784834280748,4.83627651735824,2020,1,14,15,58,54.504260417
550556,7,1579017535.27951,-2295.94908093999,-602.25168689061,-432.961108993442,NaN,NaN,1.28913602231529,1.28913602231529,2020,1,14,15,58,55.279513021
550558,7,1579017535.6474,-2294.71844601003,-609.244618670084,-411.791562106788,0.7202955109608,4.22310863206818,-20.6630641170226,21.1025043737834,2020,1,14,15,58,55.647401042
550563,7,1579017535.9962,-2295.35850800003,-605.382438550703,-423.771120407722,16.8297816836363,-0.560704091670358,-6.59478517581341,18.0844444789549,2020,1,14,15,58,55.996197917
550570,7,1579017536.75068,-2320.51529099001,-600.248964290135,-421.627722298805,NaN,5.9188540988405,-5.11361094210294,7.82188281109836,2020,1,14,15,58,56.750682292
550577,7,1579017537.65717,-2312.56956308999,-602.721728660166,-421.072498605913,-5.90416622706319,0.483395295061012,-0.550556456775383,5.94945058473282,2020,1,14,15,58,57.657171875
550580,7,1579017538.22378,-2300.88784442004,-603.820015460253,-426.629767896081,10.7589102768539,-3.48902548575086,4.51325886533311,12.1777237105757,2020,1,14,15,58,58.223778646
550582,7,1579017538.81089,-2300.38363845006,-605.313433730043,-422.350422090265,-24.6105702170216,-1.94930438579326,3.06575167310028,24.8772745154396,2020,1,14,15,58,58.810890625
550597,7,1579017540.71548,-2313.20405934996,-596.486397420056,-441.416593275326,-0.275395841825611,NaN,NaN,0.275395841825611,2020,1,14,15,59,0.715476563
550602,7,1579017541.51795,-2309.38379518001,-603.57657488063,-422.62768540731,NaN,1.42616699120384,1.91828518591522,2.39034941824437,2020,1,14,15,59,1.517953125
550604,7,1579017541.9301,-2304.31669464998,-608.561618950218,-410.317049242138,20.0829416439616,NaN,-3.15627786198743,20.3294524032705,2020,1,14,15,59,1.930096354
550613,7,1579017543.884,-2308.91512937995,-604.212383870035,-421.495218616219,3.42722057291811,NaN,-1.04326737340106,3.58249182383383,2020,1,14,15,59,3.884
550622,7,1579017544.80057,-2304.60809254006,-608.014409430325,-412.653334867388,0.89843125403037,14.4020786393118,2.22398762688543,14.6004509798732,2020,1,14,15,59,4.800570312
550627,7,1579017545.23358,-2293.44171108003,-566.028744100593,-409.936161216767,NaN,NaN,40.3102767072528,NaN,2020,1,14,15,59,5.233583333
550636,7,1579017546.38449,-2281.74669446005,-564.113129749894,-423.969234533085,NaN,-11.0888953354695,17.4824326923548,20.7026339532851,2020,1,14,15,59,6.384486979
550638,7,1579017546.74873,-2281.89793533005,-564.020164820366,-424.368775243618,NaN,-3.14203930758506,13.4277220958706,13.7904362401753,2020,1,14,15,59,6.748731771
550678,7,1579017564.98342,-2300.43035826006,-574.601313889958,-385.021207600759,-0.028764744756076,NaN,0.140968556946013,0.143873363025696,2020,1,14,15,59,24.983416667
550680,7,1579017565.38335,-2296.27135048003,-573.615526460111,-392.235593591246,NaN,-17.1121096274346,9.32108208886467,19.4860685416196,2020,1,14,15,59,25.383351563
550688,7,1579017569.56325,-2312.28695971996,-613.520372849889,-399.390647119199,-3.30676819152212,-2.37104565985436,2.02087800603136,4.54318404963281,2020,1,14,15,59,29.563252604
550691,7,1579017569.98536,-2326.55174681998,-621.668788040057,-408.88898372617,NaN,NaN,NaN,NaN,2020,1,14,15,59,29.985356771
550693,7,1579017571.56726,-2334.20464521996,-617.101579200476,-401.933258951998,-24.4181677698798,NaN,NaN,24.4181677698798,2020,1,14,15,59,31.567263021
550694,7,1579017572.01289,-2333.74646111997,-615.486722759902,-407.865172126409,-30.9117762414644,NaN,NaN,30.9117762414644,2020,1,14,15,59,32.012888021
550700,7,1579017573.06123,-2345.50261794997,-613.998554720543,-404.196167993008,-20.1853267527315,-4.19410498467533,NaN,20.616448111569,2020,1,14,15,59,33.061226563
550703,7,1579017573.66984,-2346.39399482997,-610.0821024701,-416.690527620256,-36.0507119092866,-1.23121184579484,NaN,36.0717300912446,2020,1,14,15,59,33.669835938
550707,7,1579017574.77313,-2350.58973509003,-606.789943460375,-424.498543622242,-2.71626714790854,1.62426884587489,-7.6562549508683,8.28459995263395,2020,1,14,15,59,34.773130208
550708,7,1579017575.24353,-2351.57622388995,-607.68822251074,-420.917345108476,-16.0551253042022,10.939996503503,-29.8528405054289,35.618010307608,2020,1,14,15,59,35.243528646
550714,7,1579017576.51753,-2363.57274692005,-612.52479545027,-395.239179173865,-6.22893342029977,6.83346293045878,-18.4410617497186,20.6293137460609,2020,1,14,15,59,36.517526042
550716,7,1579017576.93383,-2365.60204885004,-612.941088800319,-391.870151230084,-10.9273713626267,14.2346514213346,-16.8641251765211,24.6258292033594,2020,1,14,15,59,36.933833333
550722,7,1579017578.47233,-2347.16752348002,-602.620530949906,-439.98458265135,-12.1207001473342,NaN,NaN,12.1207001473342,2020,1,14,15,59,38.472325521
550729,7,1579017579.75817,-2353.11699361005,-597.642198760062,-450.765054257999,-13.6175293482001,NaN,NaN,13.6175293482001,2020,1,14,15,59,39.758166667
550732,7,1579017580.3099,-2362.84474981006,-599.207711230032,-439.185576586878,-5.33964545962005,-4.24840468284307,28.4629041443223,29.2693981542587,2020,1,14,15,59,40.309901042
550737,7,1579017580.77383,-2368.26640992996,-603.894229209982,-420.590825562066,NaN,13.8499935716986,NaN,13.8499935716986,2020,1,14,15,59,40.773825521
550740,7,1579017581.18399,-2361.93605612998,-608.092150670476,-412.192988140593,7.18266763562338,NaN,NaN,NaN,2020,1,14,15,59,41.183989583
550743,7,1579017581.57103,-2367.34929226001,-611.216662270017,-396.831358037826,NaN,NaN,NaN,NaN,2020,1,14,15,59,41.571028646
550748,7,1579017582.31773,-2364.64063964004,-610.361637020484,-401.904873619346,-6.51968662414713,-15.0496469862369,37.3009966058371,40.7475463785993,2020,1,14,15,59,42.317731771
550753,7,1579017583.04766,-2358.03331013001,-604.118541390635,-427.717872276451,-11.108153666263,-7.70501229933064,8.38159834742039,15.9062718216315,2020,1,14,15,59,43.047661458
550758,7,1579017583.73936,-2359.58634317003,-616.105405909941,-449.808623075121,-9.43528508691855,-14.9469195817679,13.0087120915051,21.9467901966309,2020,1,14,15,59,43.739356771
550774,7,1579017586.08067,-2379.53456144,-623.871651570313,-410.269970613244,-0.509972266687211,-9.38000734057057,NaN,9.39386019812664,2020,1,14,15,59,46.080666666
550778,7,1579017586.46241,-2378.97157169995,-623.469359540381,-412.244174513847,-28.5937456524841,-34.722904532193,9.06751418692504,NaN,2020,1,14,15,59,46.462411458
550781,7,1579017587.56717,-2373.41338798997,-623.417498500086,-417.191946982536,-8.96777308348907,-0.514963468239075,NaN,8.98254649030952,2020,1,14,15,59,47.567174479
550787,7,1579017588.74777,-2368.92974503001,-627.136626610532,-408.581866756979,NaN,-0.613353847081443,NaN,0.613353847081443,2020,1,14,15,59,48.747765625
550790,7,1579017589.17254,-2374.43376524001,-623.733560170047,-415.23548875547,NaN,-14.4207955990834,NaN,14.4207955990834,2020,1,14,15,59,49.172541667
550800,7,1579017595.48947,-2378.62556525995,-628.336739970371,-398.301956032514,-0.38287418679285,-1.15451031823058,1.04356925030369,1.60266137970333,2020,1,14,15,59,55.489473958
550803,7,1579017595.86521,-2374.75704880001,-627.923296530731,-403.120749126399,NaN,-5.74919825664508,34.2486744035971,34.7278703493004,2020,1,14,15,59,55.865205729
550806,7,1579017596.24499,-2370.01575734001,-630.306345180608,-398.799620114998,NaN,-11.2946625910339,NaN,NaN,2020,1,14,15,59,56.244994792
550827,7,1579017602.80581,-2348.82659519999,-630.713804869913,-414.640055234396,-1.15004529799369,-0.652161910811658,1.32206458162741,1.86969893387801,2020,1,14,16,0,2.8058125
550853,7,1579017608.96663,-2396.50239557005,-635.468698500656,-382.005475971034,-1.79147057385334,NaN,NaN,1.79147057385334,2020,1,14,16,0,8.966627604
550854,7,1579017609.27984,-2398.67677091004,-634.166272530332,-384.700283451061,-17.8949770047706,-22.1827815074568,NaN,NaN,2020,1,14,16,0,9.279838542
550862,7,1579017610.29039,-2381.73939077999,-639.99096523039,-378.816138619568,-3.57854959674056,-7.45401532887775,12.5082779186268,14.9941781445027,2020,1,14,16,0,10.290388021
550865,7,1579017610.69037,-2380.88867532997,-637.649221150205,-388.298925756545,NaN,-5.86120892746807,NaN,NaN,2020,1,14,16,0,10.690367187
550873,7,1579017612.39266,-2382.89773276006,-626.512593979947,-424.875072089114,-1.69870215535954,-2.90849060580563,NaN,3.36822009623522,2020,1,14,16,0,12.39265625
550882,7,1579017614.1293,-2396.44505088998,-634.898613400757,-384.19425445491,-6.11025945322809,-4.68725763896689,NaN,7.70101647575284,2020,1,14,16,0,14.129304688
550884,7,1579017614.543,-2395.6191451,-646.936508590356,-391.279600183949,21.6812214299846,-10.2952035120339,NaN,NaN,2020,1,14,16,0,14.542997396
550888,7,1579017615.03088,-2392.53700595,-644.313325860538,-403.682862468073,4.30698239396081,-4.59051014502686,NaN,6.29467082010513,2020,1,14,16,0,15.030882813
550900,7,1579017617.28471,-2384.50422352995,-643.230264720507,-415.59606552112,-1.16000748816351,-2.56752028005017,-1.73878439062569,3.31076258861125,2020,1,14,16,0,17.284708333
550902,7,1579017617.63547,-2390.39940257999,-641.235197480768,-417.556220828772,NaN,-15.7960752398458,NaN,NaN,2020,1,14,16,0,17.635466146
550908,7,1579017618.68954,-2387.55394017999,-640.015401320532,-425.903858708033,NaN,NaN,NaN,NaN,2020,1,14,16,0,18.689541667
550909,7,1579017620.80721,-2389.23201895005,-650.716952470131,-387.235623465241,NaN,-2.23307719021809,-1.49833249379288,2.68916976024719,2020,1,14,16,0,20.807210937
550910,7,1579017621.1898,-2389.00641775003,-649.127783880569,-393.456780376567,NaN,6.48631912725319,NaN,6.48631912725319,2020,1,14,16,0,21.189804687
550913,7,1579017621.5652,-2386.92943262006,-646.121059659868,-406.347906619683,NaN,5.19315318954873,NaN,5.19315318954873,2020,1,14,16,0,21.565200521
550914,7,1579017621.90012,-2387.98984668998,-642.817460570484,-416.899979060306,-1.35796124927146,2.21858242697286,NaN,NaN,2020,1,14,16,0,21.900122396
550925,7,1579017623.36281,-2390.41587432998,-645.857442890294,-405.445625724094,NaN,NaN,NaN,NaN,2020,1,14,16,0,23.362815104
550927,7,1579017623.70989,-2389.25908901996,-644.478775559925,-388.046137746311,-6.13962121465848,NaN,NaN,6.13962121465848,2020,1,14,16,0,23.709885417
550934,7,1579017624.77112,-2399.93930166005,-642.261631560512,-387.008275272548,-16.607096664014,3.76059714866632,-21.1065711114622,27.1187222155778,2020,1,14,16,0,24.771119792
550935,7,1579017625.12551,-2399.05017358996,-640.624378150329,-393.904056444303,-39.8337655557105,11.1389977260342,NaN,41.3618924698557,2020,1,14,16,0,25.125510417
550943,7,1579017626.18045,-2399.36026918003,-636.305911320262,-409.337181128512,NaN,3.71441430358866,-2.66628409868797,4.57230188347405,2020,1,14,16,0,26.180453125
550946,7,1579017626.52642,-2399.31041861,-630.896524480544,-427.346853324925,NaN,20.8016180961401,NaN,20.8016180961401,2020,1,14,16,0,26.526416667
550948,7,1579017626.90152,-2399.84761417005,-636.626189810224,-407.910556457355,-5.0479759902108,18.133335437148,-18.6744911869959,26.5148361633079,2020,1,14,16,0,26.901515625
550949,7,1579017627.32332,-2398.25847679004,-640.084695910104,-397.177440940747,-1.32331009224346,2.21657746104501,NaN,2.58154318984713,2020,1,14,16,0,27.323317708
550956,7,1579017628.52259,-2382.45757684996,-633.614769480191,-432.786749760646,NaN,2.57055952572703,NaN,2.57055952572703,2020,1,14,16,0,28.52259375
550959,7,1579017629.235,-2385.26243313996,-636.10677195061,-423.062822029565,-1.35729712460499,5.3234722434409,NaN,5.49377941049208,2020,1,14,16,0,29.235002604
550961,7,1579017629.66406,-2409.67397761997,-633.439269020222,-411.743790534187,-43.2682273849802,4.10492578657017,26.7466823695276,NaN,2020,1,14,16,0,29.664057292
550964,7,1579017630.05548,-2421.07939703995,-634.593247460201,-398.079080037848,NaN,NaN,10.0338340983435,NaN,2020,1,14,16,0,30.055476562
550970,7,1579017632.31335,-2418.59609662998,-633.999830440618,-402.961660327982,-9.09253204563182,0.446886036436903,NaN,9.10350735323501,2020,1,14,16,0,32.313346354
550973,7,1579017632.68027,-2429.64327434998,-632.252635510638,-398.40033087171,NaN,6.49304642197903,-43.0825101231936,NaN,2020,1,14,16,0,32.680273437
551015,7,1579017641.59244,-2455.14772035996,-632.291198059916,-373.607815652861,-4.31855765430889,0.239665573393767,NaN,4.32520286237074,2020,1,14,16,0,41.5924375
551023,7,1579017642.34225,-2448.57468674006,-625.463273260742,-405.728644116024,-38.8675227797242,16.3911671649419,NaN,42.1823978462753,2020,1,14,16,0,42.342252604
551038,7,1579017644.48368,-2442.46146352997,-615.906847310252,-441.853884741476,-3.90467999704105,10.9955033305234,-9.96850285567658,15.346617495542,2020,1,14,16,0,44.483677083
551042,7,1579017644.85373,-2445.83397755004,-616.527151060291,-436.833460671212,-1.33604426988993,35.040676689479,NaN,NaN,2020,1,14,16,0,44.853726563
551045,7,1579017645.21145,-2450.99891323003,-619.171469060704,-423.603151692285,NaN,NaN,NaN,NaN,2020,1,14,16,0,45.211447917
551051,7,1579017645.93511,-2447.10679602996,-617.402929540724,-432.898523194718,-5.4516032923603,4.39898732857559,-7.7521632547544,10.4483062312801,2020,1,14,16,0,45.935106771
551063,7,1579017649.4959,-2460.48578178999,-614.868627630174,-429.78189519438,NaN,NaN,NaN,NaN,2020,1,14,16,0,49.495901042
551068,7,1579017649.96415,-2446.10864594998,-618.259495050646,-432.83236847307,8.42521492962851,NaN,NaN,8.42521492962851,2020,1,14,16,0,49.964145833
551072,7,1579017650.38576,-2430.29956647998,-621.819536889903,-435.45354749254,NaN,-7.55050936378888,13.3059672312346,15.2989854438572,2020,1,14,16,0,50.385763021
551085,7,1579017659.90115,-2448.30037217005,-616.958971040323,-437.925071309775,NaN,-0.673443270850911,1.71076433721936,1.83854302548403,2020,1,14,16,0,59.901151042
551090,7,1579017660.76862,-2451.79752430005,-627.938389260322,-399.107933730525,2.65032237301908,-6.8354812755258,NaN,7.33130363230096,2020,1,14,16,1,0.768625
551092,7,1579017661.17223,-2444.27976625995,-623.156244990416,-422.647028868234,8.15634774872232,-5.9613850849503,31.8197261492485,33.3850129989839,2020,1,14,16,1,1.172231771
551095,7,1579017661.54629,-2445.82953202003,-622.465677460656,-423.788707512713,27.0612530759185,-25.9212686313335,20.3029178743083,42.6196205955375,2020,1,14,16,1,1.546289062
551103,7,1579017663.07425,-2440.20590422,-627.852403880097,-411.705975045586,5.22311925309078,-5.63356327155022,5.92730937540879,9.703144144986,2020,1,14,16,1,3.074252604
551144,7,1579017674.26746,-2439.84603424999,-628.763857800514,-409.899141145275,NaN,-0.126442653989574,NaN,0.126442653989574,2020,1,14,16,1,14.267455729
551146,7,1579017674.63269,-2428.85020933999,-629.198341330513,-417.615533312177,NaN,-4.06824193722338,2.58605874501643,NaN,2020,1,14,16,1,14.6326875
551148,7,1579017675.00052,-2425.31061100005,-629.411372050643,-419.569536543084,NaN,-2.7387328701279,NaN,NaN,2020,1,14,16,1,15.000520833
551154,7,1579017677.73568,-2429.22586442006,-633.874184650369,-400.287855552601,2.57661557877997,-0.42612702816056,2.22459696991148,3.43065063267596,2020,1,14,16,1,17.735682292
551159,7,1579017678.42338,-2421.57803703996,-628.638681210577,-424.752911514075,10.686855273069,NaN,NaN,10.686855273069,2020,1,14,16,1,18.423382813
551172,7,1579017682.67688,-2410.26914902998,-633.223666070029,-419.044811079348,0.668717547475236,-0.024917882243933,-1.43049933467807,1.57928224382826,2020,1,14,16,1,22.676882812
551247,7,1579017704.01118,-2424.76723812998,-633.031311950646,-415.664461691445,NaN,-0.11574665919112,-0.164861552000325,0.201436393042223,2020,1,14,16,1,44.011182292
551255,7,1579017705.80785,-2423.73039429006,-635.37221207004,-409.282190019113,2.98397890723256,-3.62664928172227,NaN,4.69645772166912,2020,1,14,16,1,45.807846354
551271,7,1579017707.40302,-2407.62150788005,-626.791886210442,-447.616004888439,0.391020574541519,-2.9277270145409,4.40651130610642,5.30488684631737,2020,1,14,16,1,47.403023438
551274,7,1579017707.80905,-2420.12245743,-629.257223670371,-431.475486112143,8.0055595066976,NaN,NaN,8.0055595066976,2020,1,14,16,1,47.809049479
551278,7,1579017708.19349,-2426.59007251996,-630.629098090343,-421.984339256922,-0.98672550235185,-0.90062809339559,15.8272546176966,15.8835369774179,2020,1,14,16,1,48.193494792
551282,7,1579017708.91173,-2421.78877965,-634.956645800732,-410.552563961509,-3.99749660754374,-3.05237418992101,4.24427556809818,6.58109735686799,2020,1,14,16,1,48.911731771
551284,7,1579017709.25728,-2423.38386967999,-636.804664540105,-402.866217601962,8.30896123045344,-8.348463706938,8.82190145706091,14.7160330358875,2020,1,14,16,1,49.257278646
551287,7,1579017709.59475,-2418.45597081003,-634.633985360153,-413.97090136911,8.8878467108689,21.361309188071,-42.74215798066,NaN,2020,1,14,16,1,49.594752604
551293,7,1579017710.35248,NaN,NaN,NaN,-3.9583756319702,-9.51367507876098,19.0360525009465,21.6460168614645,2020,1,14,16,1,50.352479167
551297,7,1579017710.79416,NaN,NaN,NaN,-6.50054869944392,-1.31495393233749,13.9309182374957,15.4290868225505,2020,1,14,16,1,50.794164063
551302,7,1579017711.22432,NaN,NaN,NaN,6.67463676181082,-1.35016907997507,14.3039954460655,15.8422857620893,2020,1,14,16,1,51.224322917
551306,7,1579017712.08148,NaN,NaN,NaN,3.64913612911509,-3.20318802214004,8.96263859059735,10.1934046569171,2020,1,14,16,1,52.08148177
551310,7,1579017712.89558,NaN,NaN,NaN,10.895734763326,4.79943789942752,-24.5527946393194,27.2872014831826,2020,1,14,16,1,52.895583333
551321,7,1579017715.56955,NaN,NaN,NaN,NaN,NaN,NaN,NaN,2020,1,14,16,1,55.569552083
551322,7,1579017716.09735,NaN,NaN,NaN,NaN,NaN,NaN,NaN,2020,1,14,16,1,56.097346354
551324,7,1579017716.5628,NaN,NaN,NaN,NaN,NaN,NaN,NaN,2020,1,14,16,1,56.562796875
551325,7,1579017716.97996,NaN,NaN,NaN,NaN,NaN,NaN,NaN,2020,1,14,16,1,56.979963542
551328,7,1579017717.79605,NaN,NaN,NaN,NaN,NaN,NaN,NaN,2020,1,14,16,1,57.796052083
551330,7,1579017718.23527,NaN,NaN,NaN,NaN,NaN,NaN,NaN,2020,1,14,16,1,58.235268229
551331,7,1579017718.69187,NaN,NaN,NaN,NaN,NaN,NaN,NaN,2020,1,14,16,1,58.691867188
551333,7,1579017719.14401,NaN,NaN,NaN,NaN,NaN,NaN,NaN,2020,1,14,16,1,59.144013021
551340,7,1579017720.54854,NaN,NaN,NaN,NaN,NaN,NaN,NaN,2020,1,14,16,2,0.548541667
551345,7,1579017721.37971,NaN,NaN,NaN,NaN,NaN,NaN,NaN,2020,1,14,16,2,1.379705729
551348,7,1579017721.87056,NaN,NaN,NaN,NaN,NaN,NaN,NaN,2020,1,14,16,2,1.870557292
551362,7,1579017724.17148,NaN,NaN,NaN,NaN,NaN,NaN,NaN,2020,1,14,16,2,4.171484375
551364,7,1579017724.5408,NaN,NaN,NaN,NaN,NaN,NaN,NaN,2020,1,14,16,2,4.540804687
551366,7,1579017724.90727,NaN,NaN,NaN,NaN,NaN,NaN,NaN,2020,1,14,16,2,4.907268229
551367,7,1579017725.26764,NaN,NaN,NaN,NaN,NaN,NaN,NaN,2020,1,14,16,2,5.267640625
551400,7,1579017734.43753,NaN,NaN,NaN,NaN,NaN,NaN,NaN,2020,1,14,16,2,14.437528646
551404,7,1579017734.91924,NaN,NaN,NaN,NaN,NaN,NaN,NaN,2020,1,14,16,2,14.919239583
551496,7,1579017785.8728,NaN,NaN,NaN,NaN,NaN,NaN,NaN,2020,1,14,16,3,5.872796875
551507,7,1579017793.80155,NaN,NaN,NaN,NaN,NaN,NaN,NaN,2020,1,14,16,3,13.801546875
551518,7,1579017797.52486,NaN,NaN,NaN,NaN,NaN,NaN,NaN,2020,1,14,16,3,17.524864583
551524,7,1579017798.30229,NaN,NaN,NaN,NaN,NaN,NaN,NaN,2020,1,14,16,3,18.302289062
551527,7,1579017798.68688,NaN,NaN,NaN,NaN,NaN,NaN,NaN,2020,1,14,16,3,18.686880208
551531,7,1579017799.05876,NaN,NaN,NaN,NaN,NaN,NaN,NaN,2020,1,14,16,3,19.058763021
551537,7,1579017799.45192,NaN,NaN,NaN,NaN,NaN,NaN,NaN,2020,1,14,16,3,19.451924479
551539,7,1579017799.83505,NaN,NaN,NaN,NaN,NaN,NaN,NaN,2020,1,14,16,3,19.835054687
